-- phpMyAdmin SQL Dump
-- version 4.7.0
-- https://www.phpmyadmin.net/
--
-- 主機: 127.0.0.1
-- 產生時間： 2020 年 06 月 16 日 07:54
-- 伺服器版本: 10.1.24-MariaDB
-- PHP 版本： 7.0.20

SET SQL_MODE = "NO_AUTO_VALUE_ON_ZERO";
SET AUTOCOMMIT = 0;
START TRANSACTION;
SET time_zone = "+00:00";


/*!40101 SET @OLD_CHARACTER_SET_CLIENT=@@CHARACTER_SET_CLIENT */;
/*!40101 SET @OLD_CHARACTER_SET_RESULTS=@@CHARACTER_SET_RESULTS */;
/*!40101 SET @OLD_COLLATION_CONNECTION=@@COLLATION_CONNECTION */;
/*!40101 SET NAMES utf8mb4 */;

--
-- 資料庫： `40643223`
--

-- --------------------------------------------------------

--
-- 資料表結構 `imgtest`
--

CREATE TABLE `imgtest` (
  `img` mediumblob NOT NULL,
  `imgtype` varchar(50) NOT NULL
) ENGINE=InnoDB DEFAULT CHARSET=utf8mb4;

--
-- 資料表的匯出資料 `imgtest`
--

INSERT INTO `imgtest` (`img`, `imgtype`) VALUES
(0x6956424f5277304b47676f414141414e53556845556741414145674141414249434159414141425637624e484141414569306c4551565234587532612f35564e4d5243415a79744142616741466141435649414b554145715141567342616741466141435649414b4f4e3835476562637666636c6b325279393532542b5766333765626d4a642b646e386d63794a53444245346d6e384d454a71434d686b78414531436245356b614e44566f616c416267616c4262667a32396b48585265536d694e77566b597369776d666b69346a3845704633497649706657376261655854657747364a534976444a4463386a2b4b79484d5234656451475130494c586b72496742532b5a4530356276524644547053744b7379325973674f346c37526f43616951674e7633616141326d383678414b34444a4f4578527a652f684b4c4d6242516a4e2b5a62387a473852655377696235777138454245586f7249686152425630646f3067684177506d514e4163346141524f754562515173774d534d78784f7872534345435978394e45677732314f6c6f4141787a4263544e2f6d45514473716256637a4d4b6e565167314e53694165457a486f6b49706b5655596b4d3942504245505579744a2f677a6134734739446e356e6c664a4d6665416f334d6f66487a526a5a345432376b6941614578524336454464513635713239343742354151686d686b5a316c30684131706c4766632b666a73352f4657375577766b796368334b69612b4f6b734b7241576a6c4e5246356b6e496b372f505a385a47414e4e4b514d6476534972736f78774253426a4c734d456364435567314b4e4b4a61684134536732615069686a436a4f4b4666674b64614b526556426b454a42494877532f714a4967716f515a6e6b6c486c51514b766e634a4d78795131534a2b6e395838696c394369386858534f676f566f465557335a51586e4455775a7968766b663345653244394875737151474a764b586d524a484d6e4c6e4354577330494c3650747738554e416b7076616b676e2b4c4154624e784e49666a31316f744c41692b2f34654d3069437253647831365145386636634b353239627478726b55797276453578653530705a574b4d4236594b574e785735685a6265674f546d6366392f4c304336554d774f5748717a7175614847656e4e4b715934784a7a57364f304e79503147527a3877415757495430446e444241523655364b524a3772593732324a6b30676b6f5763502b2f70672b366e493168746232457470566d317a5a3531447a6874626a564f6f33315374496d7474626e517a5147636b744a6a5756715152532b3750554c625971494172625735384c597845634a325358323268414e7377504b545442717456416c7269346b41784d626f4164494d6d435350382b6c6c4c6e4d49306859636131474d776377304b386376305476554e5766714459673353773851516b484a5a3871494c566d44784668627361766d624d31426b6f6c6d616c744d5453473875634365674377634d6d455758684a746c7042597242356e354f44596a4e7757776b524937326e424b715265674377636641306d35536b6f4c535157437542534f4c6f783567414b615154534256495051505a3670325a6a646f50614f2b5346733578446137726d45387857515062777641574f3361446d534c55707a744a6b6d2f714857674552726641314f475369536f6e5071643234357a6b694b4e454d78303251494c70565351736777414149595147486f6c585634686f66736e3678656e3074674f6a39345531524777487250416f764461654e5a6d4e7162716b465a4e394f57504f53657a646e483744583331565272525951695279526870414f72504d736848374b4569496b5563306c4e5942735749396f72584e746f4743776264567a723763476b445a5055705862473465437465343242422f454b594337696149475547546e61685442366f35594c794353734a3970463235316a64703977627a574c567a796c454665514462333854356273492f5149646f523638714a764a765574704d686a514f6463576b7a6c3676687378595158306246666b794348794b6968514c536e4f4b5977437a58367372647642716b66636e48444d6a56742b3046644d78677174592b4157577754554154554a566c2f58746f617444556f4b6c426251536d427258786d7a346f772b38763836674a57447a6446685941414141415355564f524b35435949493d, 'image/png'),
(0x6956424f5277304b47676f414141414e53556845556741414145674141414249434159414141425637624e4841414144326b6c4551565234587532626a35454e5152434866786342496b41456941415249414a456741675141534c67496b41456941415249414a45514831564f3156545733753730394e39757a504d56463356566230334d39336639702b5a336e346e476d4f56774d6e6773303567414e71776b41466f415049466b57464277344b4742666b49444176793856754b5163386b5054316a32546553487671323747753246524461505a48307369383136365664416e5246456e2f7a3855445366556d664a4e327133374b766d5a59306631665332306b397937792b694d796b7453694b5658326235742b51394b56727a5175467477426979652b534c7639506363674b6943784748506f6f69577a58362f67713656654a38465a41424f72584a5174333842324f4b7a7a773157454664463353353631464f2f6b63433771304a617356454f757838495870774c6a35424c59454f4f427a557a61754166524f3068314a70354a777564354775696b556e6564714144325739474c4b614664376f7a504648524c4e65306c595532674d596a464f30522b6d566648686f6d79774a63694f6e354f426230703658704b4a617977495866354d43743254684d76314e48354b756c676151327342706166775368497531394e49442f6632644a344c647a45575449474f367762586a6c36474f547a55576c432b5565306152304131705867457246554f483861584755576d6567534e6854314e4b643444694c6d3431375853624e41496f4853584c457278586b425546523931566b417a70586776494c4d2f4e324246706854764264526a41633255347232416d4e39544163326334694d416d5950656757355746524a7130337a534d785851696d6f7242384c4a44376446742f676b71786451586b446a5a6f2f4c74547171724e304c43426939464e444d4b543469427246474c775530633471504174524c4163326334714d41566158506e514e56745977524d51686457792b67566158344b4174696e56594b614a5253552f4d46475a61715139356f595572786b5944324c4b4142416355424d49657835726d2f4a31696d6e6f496f463473756f4b4538373935596477356a4b3377424167696379666a6a66343469574c6c35524147714b61447839476d4579463368724e366b4a6356774678545059565242574b4d57425967396c67706f674b4f6f6c6854504c614c6b6161596d417853665730544a665064334967476c416c7036717156646144386d3559457774776933677434464967476c452f575354416c4348673853444b384f357a6f2f436c4265504b5065433467554730785a3431793172566738436c43364b574d705377326746614b314d535543554734395255314a626168654a6b55456f482f5765714a4f306e532b596b566b7352596247597237455a64734b734b43306a32737a4762332f3562727a5738454945374375426b4877686248345942616842496d5534514668516e54346b4a526743684930646a4a335974415459506e45594e65416134346e4e4b52775831356a5143303146782b784f2f4b61484366643932367a32555267464b3564573478652f37674a61394835584b3458326836415a306c47454957645a45472b654861727951507a574a356f5779753635346473486c52666936487131585a613045496b2b704175574363586a6b6637546c5377533766303932464777454967544278416d544b5972784d334c76426e4c31355746675465354d6f33442f5a69674b3070365873757463417449463741427141664234354c476859304c4167483446685154352b49775a743850734c6439664a5364397154444541414141415355564f524b35435949493d, 'image/png'),
(0x6956424f5277304b47676f414141414e53556845556741414145674141414249434159414141425637624e4841414144326b6c4551565234587532626a35454e5152434866786342496b41456941415249414a456741675141534c67496b41456941415249414a45514831564f3156545733753730394e39757a504d56463356566230334d39336639702b5a336e346e476d4f56774d6e6773303567414e71776b41466f415049466b57464277344b4742666b49444176793856754b5163386b5054316a32546553487671323747753246524461505a48307369383136365664416e5246456e2f7a3855445366556d664a4e327133374b766d5a59306631665332306b397937792b694d796b7453694b5658326235742b51394b56727a5175467477426979652b534c7639506363674b6943784748506f6f69577a58362f67713656654a38465a41424f72584a5174333842324f4b7a7a773157454664463353353631464f2f6b63433771304a617356454f757838495870774c6a35424c59454f4f427a557a61754166524f3068314a70354a777564354775696b556e6564714144325739474c4b614664376f7a504648524c4e65306c595532674d596a464f30522b6d566648686f6d79774a63694f6e354f426230703658704b4a617977495866354d43743254684d76314e48354b756c676151327342706166775368497531394e49442f6632644a344c647a45575449474f367762586a6c36474f547a55576c432b5565306152304131705867457246554f483861584755576d6567534e6854314e4b643444694c6d3431375853624e41496f4853584c457278586b425546523931566b417a70586776494c4d2f4e324246706854764264526a41633255347232416d4e39544163326334694d416d5950656757355746524a7130337a534d785851696d6f7242384c4a44376446742f676b71786451586b446a5a6f2f4c74547171724e304c43426939464e444d4b543469427246474c775530633471504174524c4163326334714d41566158506e514e56745977524d51686457792b67566158344b4174696e56594b614a5253552f4d46475a61715139356f595572786b5944324c4b4142416355424d49657835726d2f4a31696d6e6f496f463473756f4b4538373935596477356a4b3377424167696379666a6a66343469574c6c35524147714b61447839476d4579463368724e366b4a6356774678545059565242574b4d57425967396c67706f674b4f6f6c6854504c614c6b6161596d417853665730544a665064334967476c416c7036717156646144386d3559457774776933677434464967476c452f575354416c4348673853444b384f357a6f2f436c4265504b5065433467554730785a3431793172566738436c43364b574d705377326746614b314d535543554734395255314a626168654a6b55456f482f5765714a4f306e532b596b566b7352596247597237455a64734b734b43306a32737a4762332f3562727a5738454945374375426b4877686248345942616842496d5534514668516e54346b4a526743684930646a4a335974415459506e45594e65416134346e4e4b52775831356a5143303146782b784f2f4b61484366643932367a32555267464b3564573478652f37674a61394835584b3458326836415a306c47454957645a45472b654861727951507a574a356f5779753635346473486c52666936487131585a613045496b2b704175574363586a6b6637546c5377533766303932464777454967544278416d544b5972784d334c76426e4c31355746675465354d6f33442f5a69674b3070365873757463417449463741427141664234354c476859304c4167483446685154352b49775a743850734c6439664a5364397154444541414141415355564f524b35435949493d, 'image/png'),
('', '');

-- --------------------------------------------------------

--
-- 資料表結構 `個人賣場2`
--

CREATE TABLE `個人賣場2` (
  `項目` int(11) NOT NULL,
  `賣場編號` varchar(20) NOT NULL,
  `產品編號` int(20) NOT NULL,
  `產品資訊` varchar(255) NOT NULL,
  `願意配銷地點` varchar(255) NOT NULL,
  `配銷方式` varchar(255) NOT NULL
) ENGINE=InnoDB DEFAULT CHARSET=utf8mb4;

--
-- 資料表的匯出資料 `個人賣場2`
--

INSERT INTO `個人賣場2` (`項目`, `賣場編號`, `產品編號`, `產品資訊`, `願意配銷地點`, `配銷方式`) VALUES
(1, '123456', 1, '產品資訊1', '配銷地點1', '配銷方式1'),
(2, '654321', 2, '產品資訊2', '配銷地點2', '配銷方式2'),
(3, '123456', 3, '產品資訊3', '配銷地點3', '配銷方式3'),
(4, '123456', 4, '產品資訊4', '配銷地點4', '配銷方式4'),
(5, '123456', 5, '產品資訊5', '配銷地點5', '配銷方式5'),
(6, '123456', 6, '產品資訊6', '配銷地點6', '配銷方式6'),
(7, '123456', 7, '產品資訊7', '配銷地點7', '配銷方式7');

-- --------------------------------------------------------

--
-- 資料表結構 `審核`
--

CREATE TABLE `審核` (
  `使用者帳號` varchar(255) NOT NULL,
  `產品編號` int(11) NOT NULL,
  `產品資訊` varchar(255) NOT NULL,
  `時間` varchar(255) NOT NULL
) ENGINE=InnoDB DEFAULT CHARSET=utf8mb4;

-- --------------------------------------------------------

--
-- 資料表結構 `小農`
--

CREATE TABLE `小農` (
  `賣場編號` varchar(20) NOT NULL,
  `使用者帳號` varchar(30) NOT NULL,
  `地址` varchar(50) NOT NULL,
  `Email` varchar(50) NOT NULL,
  `連絡電話` varchar(11) NOT NULL,
  `黑名單` varchar(255) NOT NULL,
  `使用者密碼` varchar(30) NOT NULL,
  `姓名` varchar(11) NOT NULL,
  `賣場圖片` blob,
  `圖片編碼格式` varchar(50) NOT NULL,
  `賣場簡介` varchar(255) NOT NULL,
  `交易訂單數` int(30) NOT NULL,
  `瀏覽次數` int(30) NOT NULL
) ENGINE=InnoDB DEFAULT CHARSET=utf8mb4;

--
-- 資料表的匯出資料 `小農`
--

INSERT INTO `小農` (`賣場編號`, `使用者帳號`, `地址`, `Email`, `連絡電話`, `黑名單`, `使用者密碼`, `姓名`, `賣場圖片`, `圖片編碼格式`, `賣場簡介`, `交易訂單數`, `瀏覽次數`) VALUES
('123456', 'qaz', 'aaa@bbb', 'ccc@ddd', '0912345678', '', '123', '使用者1', NULL, '', 'qewqewqewqewqe', 0, 37),
('654321', 'qwe', 'aaa@bbb', 'ccc@ddd', '0912345678', '', '123', '使用者2', NULL, '', 'qewqewqewqewqe', 0, 1),
('789456', 'wsx', 'dsadwads', 'wsx@123', '', '', '123', '', NULL, '', 'sdwqadaf', 0, 1);

-- --------------------------------------------------------

--
-- 資料表結構 `消費者`
--

CREATE TABLE `消費者` (
  `使用者帳號` varchar(30) NOT NULL,
  `姓名` varchar(30) NOT NULL,
  `使用者密碼` varchar(30) NOT NULL,
  `地址` varchar(50) NOT NULL,
  `Email` varchar(50) NOT NULL,
  `連絡電話` varchar(12) NOT NULL
) ENGINE=InnoDB DEFAULT CHARSET=utf8mb4;

--
-- 資料表的匯出資料 `消費者`
--

INSERT INTO `消費者` (`使用者帳號`, `姓名`, `使用者密碼`, `地址`, `Email`, `連絡電話`) VALUES
('qaz', '消費者1', '123', 'aaaaaa', 'sss@ddd', '123456789'),
('qwe', '使用者2', '123', 'aaa@bbb', 'ccc@ddd', '0912345678');

-- --------------------------------------------------------

--
-- 資料表結構 `產品資訊`
--

CREATE TABLE `產品資訊` (
  `產品編號` int(20) NOT NULL,
  `示意圖` blob,
  `圖片編碼格式` varchar(30) NOT NULL,
  `價格` int(11) NOT NULL,
  `剩餘數量` int(30) NOT NULL,
  `是否有機` varchar(255) NOT NULL,
  `物種` varchar(255) NOT NULL,
  `每公斤單價` int(11) NOT NULL,
  `收成時間` varchar(255) NOT NULL,
  `名稱` varchar(255) NOT NULL,
  `產地` varchar(255) NOT NULL,
  `產品註明` varchar(255) NOT NULL,
  `審核狀態` int(11) NOT NULL
) ENGINE=InnoDB DEFAULT CHARSET=utf8mb4;

--
-- 資料表的匯出資料 `產品資訊`
--

INSERT INTO `產品資訊` (`產品編號`, `示意圖`, `圖片編碼格式`, `價格`, `剩餘數量`, `是否有機`, `物種`, `每公斤單價`, `收成時間`, `名稱`, `產地`, `產品註明`, `審核狀態`) VALUES
(1, 0x6956424f5277304b47676f414141414e53556845556741414143414141414167434159414141427a656e7230414141434f456c4551565259523833587a34745055526a483864665a5550496a49545a2b78734a534552755446565a6b595a5346505756703463654359715a73466638434a70614b464c45684d6b7546386d744452764b7a7a4f626f7a50643878356b37397a766661364c723146336363352f6e504f2b6538336d65653037516345515759512f3259683257596b6c322f346778504d4d563341353862624a30364763553259696a4f4b674430575238776d56634344796479574647674d6a5a484878685a5a4678764d39502b72513850334d71646c3879784b6c6545443042496c65787633416354616e466a6344647567556a5737453762394f6d77755a2b594b444f7078596738684a72436f64684441572b4e636c2f5a44354f3448686850785a5956765766426844356b41585774643056754e556b634e556d646a4b594d746b6472774a7253377370414a46373246345972416964765a3731694b7a4838324b426b63426739333053494176755a474734496642693170454c7839675236627469366c786751706754414c6e554871437239734841794e3849336c306a73684d33383375716a6d3270524c7341463345346678774f4851464e47366b79797654397155316b7142446d7063435245466d413131694d56476f4464576f76796e4c4b487059512f5778796453536470524c396a4e554a59422b753534564f42383755714c6e6145365a423150534e5774444965527a4c4d51346c674e5179442b534a74433850653657323070676d417a514e6e765732413364796a47734a34456c4f79586867376b7a43717775553763754f32584f4c436b482b524772626f776e674456626962574256502b5858514a51756659506e4c50794f47666d4f65586763324e49504943395131555361626851382b7a2f435a767849475767646f50557461463245725a64683634326f3356616379364b396e39462f3854764f454f6b45334d3642704f6a523752334a436f6a32447155465248764838674b697659744a4164486531617941614f3979576a6c772f7050722b532b7850516d656a68556f4b5141414141424a52553545726b4a6767673d3d, 'image/png', 10, 0, '1', '紅蘿蔔', 10, '0606', '產品1', '台灣', '123', 0),
(2, NULL, '', 20, 0, '0', '', 0, '', '產品2', '', '', 1),
(3, 0x6956424f5277304b47676f414141414e53556845556741414145674141414249434159414141425637624e4841414144326b6c4551565234587532626a35454e5152434866786342496b41456941415249414a456741675141534c67496b41456941415249414a45514831564f3156545733753730394e39757a504d56463356566230334d39336639702b5a336e346e476d4f56774d6e6773303567414e71776b41466f415049466b57464277344b4742666b49444176793856754b5163386b5054316a32546553487671323747753246524461505a48307369383136365664416e5246456e2f7a3855445366556d664a4e327133374b766d5a59306631665332306b397937792b694d796b7453694b5658326235742b51394b56727a5175467477426979652b534c7639506363674b6943784748506f6f69577a58362f67713656654a38465a41424f72584a5174333842324f4b7a7a773157454664463353353631464f2f6b63433771304a617356454f757838495870774c6a35424c59454f4f427a557a61754166524f3068314a70354a777564354775696b556e6564714144325739474c4b614664376f7a504648524c4e65306c595532674d596a464f30522b6d566648686f6d79774a63694f6e354f426230703658704b4a617977495866354d43743254684d76314e48354b756c676151327342706166775368497531394e49442f6632644a344c647a45575449474f367762586a6c36474f547a55576c432b5565306152304131705867457246554f483861584755576d6567534e6854314e4b643444694c6d3431375853624e41496f4853584c457278586b425546523931566b417a70586776494c4d2f4e324246706854764264526a41633255347232416d4e39544163326334694d416d5950656757355746524a7130337a534d785851696d6f7242384c4a44376446742f676b71786451586b446a5a6f2f4c74547171724e304c43426939464e444d4b543469427246474c775530633471504174524c4163326334714d41566158506e514e56745977524d51686457792b67566158344b4174696e56594b614a5253552f4d46475a61715139356f595572786b5944324c4b4142416355424d49657835726d2f4a31696d6e6f496f463473756f4b4538373935596477356a4b3377424167696379666a6a66343469574c6c35524147714b61447839476d4579463368724e366b4a6356774678545059565242574b4d57425967396c67706f674b4f6f6c6854504c614c6b6161596d417853665730544a665064334967476c416c7036717156646144386d3559457774776933677434464967476c452f575354416c4348673853444b384f357a6f2f436c4265504b5065433467554730785a3431793172566738436c43364b574d705377326746614b314d535543554734395255314a626168654a6b55456f482f5765714a4f306e532b596b566b7352596247597237455a64734b734b43306a32737a4762332f3562727a5738454945374375426b4877686248345942616842496d5534514668516e54346b4a526743684930646a4a335974415459506e45594e65416134346e4e4b52775831356a5143303146782b784f2f4b61484366643932367a32555267464b3564573478652f37674a61394835584b3458326836415a306c47454957645a45472b654861727951507a574a356f5779753635346473486c52666936487131585a613045496b2b704175574363586a6b6637546c5377533766303932464777454967544278416d544b5972784d334c76426e4c31355746675465354d6f33442f5a69674b3070365873757463417449463741427141664234354c476859304c4167483446685154352b49775a743850734c6439664a5364397154444541414141415355564f524b35435949493d, 'image/png', 30, 100, '1', '紅蘿蔔', 30, '0606', '產品3', '台灣', '123', 0),
(4, 0x6956424f5277304b47676f414141414e53556845556741414145674141414249434159414141425637624e484141414a566b6c455156523458753163583277635278332b7a64365a7845364a58547574327a524a62647051514256316f42496952534968504b466332484e51345331324a5954616c786f4255675730645149536c61446750725176534c587a52694a79642f5a46665771494b30464b4a56444f565553644f71332f7971376a324c56446263654b62776439737a666e3857623364765a384f6438646e70644564334f37382f76322b33322f507a4e72526c736a4a774a7343352f6343477742354d4f514c59442b587748366e6d6d32684269724458452b6d6b676b52764b566b6f706a6b41324d635a474936745a413466326368303665542f79315079685146515751615a704e61575a6358672b4f41676d6e396d516931684d45704c49467944524e4d4b524f645a39493948694369482b2f717236616d6c2f3846686b3156625230645936756e2f3050335a7134616550435754535a4f4a665142616e73414c4a5a7772714a324b474d6b534f63472b31685768314a4d324d596e7a3134347174556533425046674e723654614e7666716542476b2b784b336d5243497872774e5357514545316d5241555054464e704d52533348694c5744504937383766496674414f6e614c792b537462784b6e506872352b50786a6f6f444b4e4c61326b47632f6d525568326e5073302b5355524f6d5433726558334d66462f616f49487836595a696d7a3336416a3061533856687a35514555625555552b7661395235716f38656d76435076416a4c6d2f6a51697471586d736e6e596433653970393633786d7a547932372b4c37305063756c66487a63724b785935476f31324d32504e56445458552f4f756e6841674848594d2f65637657616d346331676e375a5156514a6f774c4964362b64796339394f7a58434741464752554e454943496d4b3174784b67622f77654436722f54524c7369336d366c676763334850766a5079765878615378794a594e5a76517a6f6c6f56714e7144442b566b3149337a5133516a4f5953666a43626a735359643570575669366b47496553764d74594a5456492f68306a5848326d36513539456d503956767842317875686b58797a575764454153654d416c475559485a7854477845396a4d2b68533067574564586b6747764278546a525170686254546f52444c38745751594a686c446f42474f5753635467446e56455045576370596a782f6d51383375746b464943794f48564931354d5a395654502b375477376f513950574139567049414854562f634967784b2b355a644e716d6a6a42696e58337863366364514b4667526133316847545437646b6c6577716a6e795a6a7353346431354a7a536734674e5570686b5564323139477537565855384c6b716d6c693652594d4c792f546877724a716f366a46314a7a474c6b6c5946784537735461526e30374734334444514b4f6b41464a374f513362777654636c33665476683362376a426f39745a7436683266705865762f3165786e3770435a4a3245746768645971474c714d3079667055584f43576c516335657a686472712b6b586a36395635473650485543396557303679796755724b73383352356d6f65354367464d79414e333578496c30414a4b674a63646e715739737a6758442f4e784b7656424a75466a45624f306d526d335649594d4f4e75366b4335507a314c4339696c3735756c59754a2b7935504c74496277784f4b726178336d54386e426c496346776d627a70417169693350397049652b375a5272394a6a596d6c4169414170544f36683662703076564d317a4454487a4a342b72427576754e316a3030464b43504b3643474c6150576a357676454f6c2f34317a444e72717a5373583331464e6e6234497550436b354c2f5431306457474a6c744d57776e6f694759744666532b5159384b6d416154717a743464322b696c6c6e335a5a55704e41587465656d49663159514e54784e552f666e6d2f5a2b6e5a2f592f514a656d62314c3374576e374e336e6b5069576851564a333346774a30656d4666397462575834732b76452f5250464a45687870334a74446e3867304144336f412f6e756a57304b67794c6d635a4d59523662737154575347574150574f536c5252446e35645730454864314c4b3161776c57467131482b30617a6f414c6e7458554763335177386c526f56576f526b3855584642585531525857317a453547344233576f674d556955597659737347756c4d644e6b535335335150436344566857583677785737794478342f30357133392b6f693031326e68543866466c555649434f74625a32636b3476592f5667784d526e4b316b78666530626a37694b73537243666e726b68743762552f4e3035754d5a664b57396b37457049713247644e56516e5a43754343363575574d7557716d436e2b625767626353695651514768614e5163656978792b6a506e4b5745437044636957477233387752616d357a345274333332776a6e37344254746e30686b7930756e755a42536451644b3155457138334c492b496948615344462b724c61616670366a5146575a644b4268423755392b6b444f48456b6157744941716136467034366e37787971475076706a416f53516a3963447342364454794135392f37534878646b677a796369326e5158385a6e6846464b6f61667a6942385937366434354141364f6e6d2b31783752347049612b2b6d4673334663726d573278502f2f5a574a624738487270614c476335656b46743742484e4f445977525746527959563748745a77677752446b50654f4c4b2b53737a377863434f37353975513848616a667353375a484674636f644e443034522f4d7a735a4c666d554733637469756d366c687449714d3664427574454b7a6b486f4c78365a554977422b425933446f554e4c7a4c61393056674e53454d4568504a776749586e5056386d4b6a344f416542516449505744674635454b41596938427468795a6e6847625a6f4e684c6831714f51615a724c57777137454b302b7550364d453056784d573637525a694e677158706a58346566446e4865735646774373346774583371466f585134774649666d45384346687771544d6a4d356c4946587a6e314f396542584d7839667967326a35564678416b312f46627549744c6a6161355a655972786c37334b7868416b576930427a755a4b436667576c3574306c4f704d52484764524a4372305844706434596e424a73744166724466463057794663796e6e50676743553255764836585a663931467a485a33357a67566a2f777346726c41616f6758477144506f667273664f39587643774b51464762647a54346e534472564f646743316f41396d544751356c5a626f56327134417a79453261767077575158682b637a4a5957614b7565324e2f6f586b394e7a6776573243554442546f4146595174626e4d33784342566d4c3361706e344c644734626f37563662472b39614e4b444e64692b51546d5247614f634732303670315039377176372f595941556a4e6d723161477a6b4941414a49384b64373444526831592b56326c6a553448522f6d76504e75434847754e65594e6b4a6f7834775a2b327a4d365143476e365275664654735a636b43496952746d4d566c54454a47575952305a4d37514276526b38395a3839766b6572792b6347474b7079565776755a766a57655742433733516e71764e5539694172686c35735a4873476b656e73384d796d616f3058446e6b424a4e6d6a686e57316976624b704a324c41504d6b61395a63616e4f30706d414171657878316c7471762f6a50542b552b2f513568526f5261793461703642464b783373434d38694e5065714e30414f754d65794455473444674b4334784a36364845454f64757359566367356751444b785236645261464d754444313656726c5466524f6946756f6f514c766d6576637278427a4167456b38783633586b2b7578594174594933715473525a523542335277746862443758434152514a4e714b563547616450733530426d4562535554466d574359566c64785537343867456e554a6958466274664f774d5842565036787566576e526e4d3544546f387057734f376d42714d30672b625a667270724c4852683668334f6a63374d793458795a6b773067756865495a4e345864584d76754244455634314d654365725848516d46776261444a4c363839795864684d4f44694437546330753071575a6d367234346c3444784b6b723646383430483151785a34584243447878724833416c6b76353679725846317077356b30446c3579786e766b7531695a43773577347631687a684756796b7038645a6d6f7a5342633048374a4c537a656f4d476667716855554654774167476b69336f6c7a647343794f647062674730426444474850352f4346774e6c49595962763441414141415355564f524b35435949493d, 'image/png', 40, 100, '1', '紅蘿蔔', 40, '0606', '產品4', '台灣', '123', 0),
(5, NULL, '', 50, 100, '0', '', 15, '', '產品5', '', '', 1),
(6, NULL, '', 60, 100, '0', '', 35, '', '產品6', '', '', 1),
(7, NULL, '', 70, 100, '0', '', 25, '', '產品7', '', '', 0);

-- --------------------------------------------------------

--
-- 資料表結構 `管理者`
--

CREATE TABLE `管理者` (
  `使用者帳號` varchar(30) NOT NULL,
  `使用者密碼` varchar(30) NOT NULL,
  `姓名` varchar(20) NOT NULL DEFAULT '管理員'
) ENGINE=InnoDB DEFAULT CHARSET=utf8;

--
-- 資料表的匯出資料 `管理者`
--

INSERT INTO `管理者` (`使用者帳號`, `使用者密碼`, `姓名`) VALUES
('NFU_PM01', '40643223', '管理員1');

-- --------------------------------------------------------

--
-- 資料表結構 `訂單`
--

CREATE TABLE `訂單` (
  `訂單編號` int(11) NOT NULL,
  `訂購者帳號` varchar(30) NOT NULL,
  `訂單日期` datetime NOT NULL,
  `販售者帳號` varchar(30) NOT NULL,
  `賣場編號` varchar(30) NOT NULL,
  `購買清單` varchar(1000) NOT NULL,
  `訂單金額` int(11) NOT NULL,
  `配銷方式` varchar(30) NOT NULL,
  `訂單狀態` int(11) NOT NULL
) ENGINE=InnoDB DEFAULT CHARSET=utf8mb4;

--
-- 資料表的匯出資料 `訂單`
--

INSERT INTO `訂單` (`訂單編號`, `訂購者帳號`, `訂單日期`, `販售者帳號`, `賣場編號`, `購買清單`, `訂單金額`, `配銷方式`, `訂單狀態`) VALUES
(2, 'qaz', '2020-06-10 12:36:55', 'qaz', '123456', '[{\"CID\":\"1\",\"name\":\"u7522u54c11\",\"CCash\":\"10\",\"count\":\"1\"},{\"CID\":\"3\",\"name\":\"u7522u54c13\",\"CCash\":\"30\",\"count\":\"1\"},{\"CID\":\"4\",\"name\":\"u7522u54c14\",\"CCash\":\"40\",\"count\":\"1\"}]', 200, '面交', 0),
(3, 'qaz', '2020-06-10 12:42:08', 'qwe', '123456', '[{\"CID\":\"2\",\"name\":\"u7522u54c12\",\"CCash\":\"20\",\"count\":\"1\"}]', 300, '郵寄', 0),
(22, 'qwe', '2020-06-11 16:51:39', 'qaz', '123456', '[{\"CID\":\"1\",\"name\":\"u7522u54c11\",\"CCash\":\"10\",\"count\":\"1\"},{\"CID\":\"3\",\"name\":\"u7522u54c13\",\"CCash\":\"30\",\"count\":\"1\"},{\"CID\":\"4\",\"name\":\"u7522u54c14\",\"CCash\":\"40\",\"count\":\"1\"}]', 123, '面交', 0),
(23, 'qwe', '2020-06-11 16:51:39', 'qwe', '654321', '[{\"CID\":\"2\",\"name\":\"u7522u54c12\",\"CCash\":\"20\",\"count\":\"1\"}]', 123, '面交', 0),
(24, 'qwe', '2020-06-11 17:06:36', 'qaz', '123456', '[{\"CID\":\"1\",\"name\":\"u7522u54c11\",\"CCash\":\"10\",\"count\":\"1\"},{\"CID\":\"3\",\"name\":\"u7522u54c13\",\"CCash\":\"30\",\"count\":\"1\"},{\"CID\":\"4\",\"name\":\"u7522u54c14\",\"CCash\":\"40\",\"count\":\"1\"}]', 123, '面交', 0),
(25, 'qwe', '2020-06-11 17:06:36', 'qwe', '654321', '[{\"CID\":\"2\",\"name\":\"u7522u54c12\",\"CCash\":\"20\",\"count\":\"1\"}]', 123, '面交', 0),
(26, 'qwe', '2020-06-11 17:06:59', 'qaz', '123456', '[{\"CID\":\"1\",\"name\":\"u7522u54c11\",\"CCash\":\"10\",\"count\":\"1\"},{\"CID\":\"3\",\"name\":\"u7522u54c13\",\"CCash\":\"30\",\"count\":\"1\"},{\"CID\":\"4\",\"name\":\"u7522u54c14\",\"CCash\":\"40\",\"count\":\"1\"}]', 123, '面交', 0),
(27, 'qwe', '2020-06-11 17:06:59', 'qwe', '654321', '[{\"CID\":\"2\",\"name\":\"u7522u54c12\",\"CCash\":\"20\",\"count\":\"1\"}]', 123, '面交', 0),
(28, 'qwe', '2020-06-11 17:20:10', 'qaz', '123456', '[{\"CID\":\"1\",\"name\":\"u7522u54c11\",\"CCash\":\"10\",\"count\":\"1\"},{\"CID\":\"3\",\"name\":\"u7522u54c13\",\"CCash\":\"30\",\"count\":\"1\"},{\"CID\":\"4\",\"name\":\"u7522u54c14\",\"CCash\":\"40\",\"count\":\"1\"}]', 123, '面交', 0),
(29, 'qwe', '2020-06-11 17:20:10', 'qwe', '654321', '[{\"CID\":\"2\",\"name\":\"u7522u54c12\",\"CCash\":\"20\",\"count\":\"1\"}]', 123, '面交', 0),
(30, 'qaz', '2020-06-11 20:54:30', 'qaz', '123456', '[{\"CID\":\"1\",\"name\":\"%E7%94%A2%E5%93%811\",\"CCash\":\"10\",\"count\":\"1\"},{\"CID\":\"4\",\"name\":\"%E7%94%A2%E5%93%814\",\"CCash\":\"40\",\"count\":\"1\"},{\"CID\":\"3\",\"name\":\"%E7%94%A2%E5%93%813\",\"CCash\":\"30\",\"count\":\"1\"}]', 123, '面交', 0);

-- --------------------------------------------------------

--
-- 資料表結構 `註冊審核`
--

CREATE TABLE `註冊審核` (
  `編號` int(11) NOT NULL,
  `註冊身分類別` int(11) NOT NULL,
  `使用者帳號` varchar(30) NOT NULL,
  `使用者密碼` varchar(30) NOT NULL,
  `聯絡電話` varchar(20) NOT NULL,
  `Email` varchar(30) NOT NULL,
  `住址` varchar(50) NOT NULL,
  `地圖經緯度` varchar(255) NOT NULL
) ENGINE=InnoDB DEFAULT CHARSET=utf8mb4;

--
-- 資料表的匯出資料 `註冊審核`
--

INSERT INTO `註冊審核` (`編號`, `註冊身分類別`, `使用者帳號`, `使用者密碼`, `聯絡電話`, `Email`, `住址`, `地圖經緯度`) VALUES
(1, 0, 'a123123123', 'a12121212121', '123123123', '123@123.com', '123123123', ''),
(2, 0, 'a123123123', 'a12121212121', '123123123', '123@123.com', '123123123', ''),
(3, 0, 'a123123123', 'a123123123', '123123123', '123@123.com', '123123123', ''),
(4, 0, 'a123123123', 'a123123123', '123123123', '123@123.com', '123123123', ''),
(6, 0, 'a123456', 'f123456789', '123456789', '123@123.com', '1212121212', '');

-- --------------------------------------------------------

--
-- 資料表結構 `農產品`
--

CREATE TABLE `農產品` (
  `產品編號` int(20) NOT NULL,
  `名稱` varchar(255) NOT NULL,
  `限額公斤價` int(11) NOT NULL
) ENGINE=InnoDB DEFAULT CHARSET=utf8mb4;

--
-- 資料表的匯出資料 `農產品`
--

INSERT INTO `農產品` (`產品編號`, `名稱`, `限額公斤價`) VALUES
(1, '產品1', 0),
(2, '產品2', 0),
(3, '產品3', 0),
(4, '產品4', 0),
(5, '產品5', 60),
(6, '產品6', 60);

-- --------------------------------------------------------

--
-- 資料表結構 `配銷方式`
--

CREATE TABLE `配銷方式` (
  `付款方式` varchar(255) NOT NULL,
  `地址` varchar(255) NOT NULL
) ENGINE=InnoDB DEFAULT CHARSET=utf8mb4;

-- --------------------------------------------------------

--
-- 資料表結構 `黑名單`
--

CREATE TABLE `黑名單` (
  `使用者帳號` varchar(255) NOT NULL
) ENGINE=InnoDB DEFAULT CHARSET=utf8mb4;

--
-- 已匯出資料表的索引
--

--
-- 資料表索引 `個人賣場2`
--
ALTER TABLE `個人賣場2`
  ADD PRIMARY KEY (`項目`);

--
-- 資料表索引 `小農`
--
ALTER TABLE `小農`
  ADD PRIMARY KEY (`使用者帳號`);

--
-- 資料表索引 `消費者`
--
ALTER TABLE `消費者`
  ADD PRIMARY KEY (`使用者帳號`);

--
-- 資料表索引 `產品資訊`
--
ALTER TABLE `產品資訊`
  ADD PRIMARY KEY (`產品編號`);

--
-- 資料表索引 `管理者`
--
ALTER TABLE `管理者`
  ADD PRIMARY KEY (`使用者帳號`);

--
-- 資料表索引 `訂單`
--
ALTER TABLE `訂單`
  ADD PRIMARY KEY (`訂單編號`),
  ADD KEY `販售者帳號` (`販售者帳號`),
  ADD KEY `訂購者帳號` (`訂購者帳號`);

--
-- 資料表索引 `註冊審核`
--
ALTER TABLE `註冊審核`
  ADD PRIMARY KEY (`編號`);

--
-- 資料表索引 `農產品`
--
ALTER TABLE `農產品`
  ADD PRIMARY KEY (`產品編號`);

--
-- 在匯出的資料表使用 AUTO_INCREMENT
--

--
-- 使用資料表 AUTO_INCREMENT `個人賣場2`
--
ALTER TABLE `個人賣場2`
  MODIFY `項目` int(11) NOT NULL AUTO_INCREMENT, AUTO_INCREMENT=8;
--
-- 使用資料表 AUTO_INCREMENT `訂單`
--
ALTER TABLE `訂單`
  MODIFY `訂單編號` int(11) NOT NULL AUTO_INCREMENT, AUTO_INCREMENT=31;
--
-- 使用資料表 AUTO_INCREMENT `註冊審核`
--
ALTER TABLE `註冊審核`
  MODIFY `編號` int(11) NOT NULL AUTO_INCREMENT, AUTO_INCREMENT=7;COMMIT;

/*!40101 SET CHARACTER_SET_CLIENT=@OLD_CHARACTER_SET_CLIENT */;
/*!40101 SET CHARACTER_SET_RESULTS=@OLD_CHARACTER_SET_RESULTS */;
/*!40101 SET COLLATION_CONNECTION=@OLD_COLLATION_CONNECTION */;
