-- phpMyAdmin SQL Dump
-- version 5.0.2
-- https://www.phpmyadmin.net/
--
-- 主機： 127.0.0.1
-- 產生時間： 2020-06-08 07:20:32
-- 伺服器版本： 10.4.11-MariaDB
-- PHP 版本： 7.4.5

SET FOREIGN_KEY_CHECKS=0;
SET SQL_MODE = "NO_AUTO_VALUE_ON_ZERO";
START TRANSACTION;
SET time_zone = "+00:00";


/*!40101 SET @OLD_CHARACTER_SET_CLIENT=@@CHARACTER_SET_CLIENT */;
/*!40101 SET @OLD_CHARACTER_SET_RESULTS=@@CHARACTER_SET_RESULTS */;
/*!40101 SET @OLD_COLLATION_CONNECTION=@@COLLATION_CONNECTION */;
/*!40101 SET NAMES utf8mb4 */;

--
-- 資料庫： `小農2`
--

-- --------------------------------------------------------

--
-- 資料表結構 `imgtest`
--

CREATE TABLE `imgtest` (
  `img` mediumblob NOT NULL,
  `imgtype` varchar(50) NOT NULL
) ENGINE=InnoDB DEFAULT CHARSET=utf8mb4;

--
-- 資料表新增資料前，先清除舊資料 `imgtest`
--

TRUNCATE TABLE `imgtest`;
--
-- 傾印資料表的資料 `imgtest`
--

INSERT INTO `imgtest` (`img`, `imgtype`) VALUES
(0x6956424f5277304b47676f414141414e53556845556741414145674141414249434159414141425637624e484141414569306c4551565234587532612f35564e4d5243415a79744142616741466141435649414b554145715141567342616741466141435649414b4f4e3835476562637666636c6b325279393532542b5766333765626d4a642b646e386d63794a53444245346d6e384d454a71434d686b78414531436245356b614e44566f616c416267616c4262667a32396b48585265536d694e77566b597369776d666b69346a3845704633497649706657376261655854657747364a534976444a4463386a2b4b79484d5234656451475130494c586b72496742532b5a4530356276524644547053744b7379325973674f346c37526f43616951674e7633616141326d383678414b34444a4f4578527a652f684b4c4d6242516a4e2b5a62387a473852655377696235777138454245586f7249686152425630646f3067684177506d514e4163346141524f754562515173774d534d78784f7872534345435978394e45677732314f6c6f4141787a4263544e2f6d45514473716256637a4d4b6e565167314e53694165457a486f6b49706b5655596b4d3942504245505579744a2f677a6134734739446e356e6c664a4d6665416f334d6f66487a526a5a345432376b6941614578524336454464513635713239343742354151686d686b5a316c30684131706c4766632b666a73352f4657375577766b796368334b69612b4f6b734b7241576a6c4e5246356b6e496b372f505a385a47414e4e4b514d6476534972736f78774253426a4c734d456364435567314b4e4b4a61684134536732615069686a436a4f4b4666674b64614b526556426b454a42494877532f714a4967716f515a6e6b6c486c51514b766e634a4d78795131534a2b6e395838696c394369386858534f676f566f465557335a51586e4455775a7968766b663345653244394875737151474a764b586d524a484d6e4c6e4354577330494c3650747738554e416b7076616b676e2b4c4154624e784e49666a31316f744c41692b2f34654d3069437253647831365145386636634b353239627478726b55797276453578653530705a574b4d4236594b574e785735685a6265674f546d6366392f4c304336554d774f5748717a7175614847656e4e4b715934784a7a57364f304e79503147527a3877415757495430446e444241523655364b524a3772593732324a6b30676b6f5763502b2f70672b366e493168746232457470566d317a5a3531447a6874626a564f6f33315374496d7474626e517a5147636b744a6a5756715152532b3750554c625971494172625735384c597845634a325358323268414e7377504b545442717456416c7269346b41784d626f4164494d6d435350382b6c6c4c6e4d49306859636131474d776377304b386376305476554e5766714459673353773851516b484a5a3871494c566d44784668627361766d624d31426b6f6c6d616c744d5453473875634365674377634d6d455758684a746c7042597242356e354f44596a4e7757776b524937326e424b715265674377636641306d35536b6f4c535157437542534f4c6f783567414b615154534256495051505a3670325a6a646f50614f2b5346733578446137726d45387857515062777641574f3361446d534c55707a744a6b6d2f714857674552726641314f475369536f6e5071643234357a6b694b4e454d78303251494c70565351736777414149595147486f6c585634686f66736e3678656e3074674f6a39345531524777487250416f764461654e5a6d4e7162716b465a4e394f57504f53657a646e483744583331565272525951695279526870414f72504d736848374b4569496b5563306c4e5942735749396f72584e746f4743776264567a723763476b445a5055705862473465437465343242422f454b594337696149475547546e61685442366f35594c794353734a3970463235316a64703977627a574c567a796c454665514462333854356273492f5149646f523638714a764a765574704d686a514f6463576b7a6c3676687378595158306246666b794348794b6968514c536e4f4b5977437a58367372647642716b66636e48444d6a56742b3046644d78677174592b4157577754554154554a566c2f58746f617444556f4b6c426251536d427258786d7a346f772b38763836674a57447a6446685941414141415355564f524b35435949493d, 'image/png'),
(0x6956424f5277304b47676f414141414e53556845556741414145674141414249434159414141425637624e4841414144326b6c4551565234587532626a35454e5152434866786342496b41456941415249414a456741675141534c67496b41456941415249414a45514831564f3156545733753730394e39757a504d56463356566230334d39336639702b5a336e346e476d4f56774d6e6773303567414e71776b41466f415049466b57464277344b4742666b49444176793856754b5163386b5054316a32546553487671323747753246524461505a48307369383136365664416e5246456e2f7a3855445366556d664a4e327133374b766d5a59306631665332306b397937792b694d796b7453694b5658326235742b51394b56727a5175467477426979652b534c7639506363674b6943784748506f6f69577a58362f67713656654a38465a41424f72584a5174333842324f4b7a7a773157454664463353353631464f2f6b63433771304a617356454f757838495870774c6a35424c59454f4f427a557a61754166524f3068314a70354a777564354775696b556e6564714144325739474c4b614664376f7a504648524c4e65306c595532674d596a464f30522b6d566648686f6d79774a63694f6e354f426230703658704b4a617977495866354d43743254684d76314e48354b756c676151327342706166775368497531394e49442f6632644a344c647a45575449474f367762586a6c36474f547a55576c432b5565306152304131705867457246554f483861584755576d6567534e6854314e4b643444694c6d3431375853624e41496f4853584c457278586b425546523931566b417a70586776494c4d2f4e324246706854764264526a41633255347232416d4e39544163326334694d416d5950656757355746524a7130337a534d785851696d6f7242384c4a44376446742f676b71786451586b446a5a6f2f4c74547171724e304c43426939464e444d4b543469427246474c775530633471504174524c4163326334714d41566158506e514e56745977524d51686457792b67566158344b4174696e56594b614a5253552f4d46475a61715139356f595572786b5944324c4b4142416355424d49657835726d2f4a31696d6e6f496f463473756f4b4538373935596477356a4b3377424167696379666a6a66343469574c6c35524147714b61447839476d4579463368724e366b4a6356774678545059565242574b4d57425967396c67706f674b4f6f6c6854504c614c6b6161596d417853665730544a665064334967476c416c7036717156646144386d3559457774776933677434464967476c452f575354416c4348673853444b384f357a6f2f436c4265504b5065433467554730785a3431793172566738436c43364b574d705377326746614b314d535543554734395255314a626168654a6b55456f482f5765714a4f306e532b596b566b7352596247597237455a64734b734b43306a32737a4762332f3562727a5738454945374375426b4877686248345942616842496d5534514668516e54346b4a526743684930646a4a335974415459506e45594e65416134346e4e4b52775831356a5143303146782b784f2f4b61484366643932367a32555267464b3564573478652f37674a61394835584b3458326836415a306c47454957645a45472b654861727951507a574a356f5779753635346473486c52666936487131585a613045496b2b704175574363586a6b6637546c5377533766303932464777454967544278416d544b5972784d334c76426e4c31355746675465354d6f33442f5a69674b3070365873757463417449463741427141664234354c476859304c4167483446685154352b49775a743850734c6439664a5364397154444541414141415355564f524b35435949493d, 'image/png'),
(0x6956424f5277304b47676f414141414e53556845556741414145674141414249434159414141425637624e4841414144326b6c4551565234587532626a35454e5152434866786342496b41456941415249414a456741675141534c67496b41456941415249414a45514831564f3156545733753730394e39757a504d56463356566230334d39336639702b5a336e346e476d4f56774d6e6773303567414e71776b41466f415049466b57464277344b4742666b49444176793856754b5163386b5054316a32546553487671323747753246524461505a48307369383136365664416e5246456e2f7a3855445366556d664a4e327133374b766d5a59306631665332306b397937792b694d796b7453694b5658326235742b51394b56727a5175467477426979652b534c7639506363674b6943784748506f6f69577a58362f67713656654a38465a41424f72584a5174333842324f4b7a7a773157454664463353353631464f2f6b63433771304a617356454f757838495870774c6a35424c59454f4f427a557a61754166524f3068314a70354a777564354775696b556e6564714144325739474c4b614664376f7a504648524c4e65306c595532674d596a464f30522b6d566648686f6d79774a63694f6e354f426230703658704b4a617977495866354d43743254684d76314e48354b756c676151327342706166775368497531394e49442f6632644a344c647a45575449474f367762586a6c36474f547a55576c432b5565306152304131705867457246554f483861584755576d6567534e6854314e4b643444694c6d3431375853624e41496f4853584c457278586b425546523931566b417a70586776494c4d2f4e324246706854764264526a41633255347232416d4e39544163326334694d416d5950656757355746524a7130337a534d785851696d6f7242384c4a44376446742f676b71786451586b446a5a6f2f4c74547171724e304c43426939464e444d4b543469427246474c775530633471504174524c4163326334714d41566158506e514e56745977524d51686457792b67566158344b4174696e56594b614a5253552f4d46475a61715139356f595572786b5944324c4b4142416355424d49657835726d2f4a31696d6e6f496f463473756f4b4538373935596477356a4b3377424167696379666a6a66343469574c6c35524147714b61447839476d4579463368724e366b4a6356774678545059565242574b4d57425967396c67706f674b4f6f6c6854504c614c6b6161596d417853665730544a665064334967476c416c7036717156646144386d3559457774776933677434464967476c452f575354416c4348673853444b384f357a6f2f436c4265504b5065433467554730785a3431793172566738436c43364b574d705377326746614b314d535543554734395255314a626168654a6b55456f482f5765714a4f306e532b596b566b7352596247597237455a64734b734b43306a32737a4762332f3562727a5738454945374375426b4877686248345942616842496d5534514668516e54346b4a526743684930646a4a335974415459506e45594e65416134346e4e4b52775831356a5143303146782b784f2f4b61484366643932367a32555267464b3564573478652f37674a61394835584b3458326836415a306c47454957645a45472b654861727951507a574a356f5779753635346473486c52666936487131585a613045496b2b704175574363586a6b6637546c5377533766303932464777454967544278416d544b5972784d334c76426e4c31355746675465354d6f33442f5a69674b3070365873757463417449463741427141664234354c476859304c4167483446685154352b49775a743850734c6439664a5364397154444541414141415355564f524b35435949493d, 'image/png'),
('', '');

-- --------------------------------------------------------

--
-- 資料表結構 `個人賣場2`
--

CREATE TABLE `個人賣場2` (
  `項目` int(11) NOT NULL,
  `賣場編號` varchar(20) NOT NULL,
  `產品編號` varchar(20) NOT NULL,
  `產品資訊` varchar(255) NOT NULL,
  `願意配銷地點` varchar(255) NOT NULL,
  `配銷方式` varchar(255) NOT NULL
) ENGINE=InnoDB DEFAULT CHARSET=utf8mb4;

--
-- 資料表新增資料前，先清除舊資料 `個人賣場2`
--

TRUNCATE TABLE `個人賣場2`;
--
-- 傾印資料表的資料 `個人賣場2`
--

INSERT INTO `個人賣場2` (`項目`, `賣場編號`, `產品編號`, `產品資訊`, `願意配銷地點`, `配銷方式`) VALUES
(1, '123456', '1', '產品資訊1', '配銷地點1', '配銷方式1'),
(2, '654321', '2', '產品資訊2', '配銷地點2', '配銷方式2'),
(3, '123456', '3', '產品資訊3', '配銷地點3', '配銷方式3'),
(4, '123456', '4', '產品資訊4', '配銷地點4', '配銷方式4'),
(5, '123456', '5', '產品資訊5', '配銷地點5', '配銷方式5'),
(6, '123456', '6', '產品資訊6', '配銷地點6', '配銷方式6'),
(7, '123456', '7', '產品資訊7', '配銷地點7', '配銷方式7');

-- --------------------------------------------------------

--
-- 資料表結構 `審核`
--

CREATE TABLE `審核` (
  `使用者帳號` varchar(255) NOT NULL,
  `產品編號` int(11) NOT NULL,
  `產品資訊` varchar(255) NOT NULL,
  `時間` varchar(255) NOT NULL
) ENGINE=InnoDB DEFAULT CHARSET=utf8mb4;

--
-- 資料表新增資料前，先清除舊資料 `審核`
--

TRUNCATE TABLE `審核`;
-- --------------------------------------------------------

--
-- 資料表結構 `小農`
--

CREATE TABLE `小農` (
  `賣場編號` varchar(20) NOT NULL,
  `使用者帳號` varchar(255) NOT NULL,
  `地址` varchar(255) NOT NULL,
  `Email` varchar(255) NOT NULL,
  `連絡電話` varchar(11) NOT NULL,
  `黑名單` varchar(255) NOT NULL,
  `使用者密碼` varchar(255) NOT NULL,
  `姓名` varchar(255) NOT NULL,
  `賣場圖片` longblob NOT NULL,
  `賣場簡介` varchar(255) NOT NULL,
  `交易訂單數` int(11) NOT NULL,
  `瀏覽次數` int(11) NOT NULL
) ENGINE=InnoDB DEFAULT CHARSET=utf8mb4;

--
-- 資料表新增資料前，先清除舊資料 `小農`
--

TRUNCATE TABLE `小農`;
--
-- 傾印資料表的資料 `小農`
--

INSERT INTO `小農` (`賣場編號`, `使用者帳號`, `地址`, `Email`, `連絡電話`, `黑名單`, `使用者密碼`, `姓名`, `賣場圖片`, `賣場簡介`, `交易訂單數`, `瀏覽次數`) VALUES
('123456', 'qaz', 'aaa@bbb', 'ccc@ddd', '0912345678', '', '123', '使用者1', '', 'qewqewqewqewqe', 0, 0),
('654321', 'qwe', 'aaa@bbb', 'ccc@ddd', '0912345678', '', '123', '使用者2', '', 'qewqewqewqewqe', 0, 0);

-- --------------------------------------------------------

--
-- 資料表結構 `消費者`
--

CREATE TABLE `消費者` (
  `使用者帳號` varchar(255) NOT NULL,
  `姓名` varchar(255) NOT NULL,
  `使用者密碼` varchar(255) NOT NULL,
  `地址` varchar(255) NOT NULL,
  `Email` varchar(255) NOT NULL,
  `連絡電話` int(11) NOT NULL
) ENGINE=InnoDB DEFAULT CHARSET=utf8mb4;

--
-- 資料表新增資料前，先清除舊資料 `消費者`
--

TRUNCATE TABLE `消費者`;
--
-- 傾印資料表的資料 `消費者`
--

INSERT INTO `消費者` (`使用者帳號`, `姓名`, `使用者密碼`, `地址`, `Email`, `連絡電話`) VALUES
('qaz', '消費者1', '123', 'aaaaaa', 'sss@ddd', 123456789);

-- --------------------------------------------------------

--
-- 資料表結構 `產品資訊`
--

CREATE TABLE `產品資訊` (
  `產品編號` varchar(20) NOT NULL,
  `示意圖` varchar(255) NOT NULL,
  `圖片編碼格式` varchar(30) NOT NULL,
  `價格` int(11) NOT NULL,
  `剩餘數量` int(30) NOT NULL,
  `是否有機` varchar(255) NOT NULL,
  `物種` varchar(255) NOT NULL,
  `每公斤單價` int(11) NOT NULL,
  `收成時間` varchar(255) NOT NULL,
  `名稱` varchar(255) NOT NULL,
  `產地` varchar(255) NOT NULL,
  `產品註明` varchar(255) NOT NULL,
  `審核狀態` int(11) NOT NULL
) ENGINE=InnoDB DEFAULT CHARSET=utf8mb4;

--
-- 資料表新增資料前，先清除舊資料 `產品資訊`
--

TRUNCATE TABLE `產品資訊`;
--
-- 傾印資料表的資料 `產品資訊`
--

INSERT INTO `產品資訊` (`產品編號`, `示意圖`, `圖片編碼格式`, `價格`, `剩餘數量`, `是否有機`, `物種`, `每公斤單價`, `收成時間`, `名稱`, `產地`, `產品註明`, `審核狀態`) VALUES
('1', '', '', 10, 0, '0', '', 0, '', '產品1', '', '', 1),
('2', '', '', 20, 0, '0', '', 0, '', '產品2', '', '', 0),
('3', '', '', 30, 100, '0', '', 20, '', '產品3', '', '', 1),
('4', '', '', 40, 100, '0', '', 20, '', '產品4', '', '', 0),
('5', '', '', 50, 100, '0', '', 15, '', '產品5', '', '', 1),
('6', '', '', 60, 100, '0', '', 35, '', '產品6', '', '', 1),
('7', '', '', 70, 100, '0', '', 25, '', '產品7', '', '', 0);

-- --------------------------------------------------------

--
-- 資料表結構 `管理者`
--

CREATE TABLE `管理者` (
  `使用者帳號` int(11) NOT NULL,
  `使用者密碼` int(11) NOT NULL
) ENGINE=InnoDB DEFAULT CHARSET=utf8mb4;

--
-- 資料表新增資料前，先清除舊資料 `管理者`
--

TRUNCATE TABLE `管理者`;
-- --------------------------------------------------------

--
-- 資料表結構 `訂單`
--

CREATE TABLE `訂單` (
  `訂單編號` int(11) NOT NULL,
  `訂購者帳號` varchar(255) NOT NULL,
  `訂單日期` varchar(255) NOT NULL,
  `販售者帳號` varchar(255) NOT NULL,
  `賣場編號` varchar(30) NOT NULL,
  `訂單金額` int(11) NOT NULL,
  `配銷方式` varchar(255) NOT NULL,
  `訂單狀態` int(11) NOT NULL
) ENGINE=InnoDB DEFAULT CHARSET=utf8mb4;

--
-- 資料表新增資料前，先清除舊資料 `訂單`
--

TRUNCATE TABLE `訂單`;
-- --------------------------------------------------------

--
-- 資料表結構 `註冊審核`
--

CREATE TABLE `註冊審核` (
  `編號` int(11) NOT NULL,
  `註冊身分類別` int(11) NOT NULL,
  `使用者帳號` varchar(30) NOT NULL,
  `使用者密碼` varchar(30) NOT NULL,
  `聯絡電話` varchar(20) NOT NULL,
  `Email` varchar(30) NOT NULL,
  `住址` varchar(50) NOT NULL,
  `地圖經緯度` varchar(255) NOT NULL
) ENGINE=InnoDB DEFAULT CHARSET=utf8mb4;

--
-- 資料表新增資料前，先清除舊資料 `註冊審核`
--

TRUNCATE TABLE `註冊審核`;
--
-- 傾印資料表的資料 `註冊審核`
--

INSERT INTO `註冊審核` (`編號`, `註冊身分類別`, `使用者帳號`, `使用者密碼`, `聯絡電話`, `Email`, `住址`, `地圖經緯度`) VALUES
(1, 0, 'a123123123', 'a12121212121', '123123123', '123@123.com', '123123123', ''),
(2, 0, 'a123123123', 'a12121212121', '123123123', '123@123.com', '123123123', ''),
(3, 0, 'a123123123', 'a123123123', '123123123', '123@123.com', '123123123', ''),
(4, 0, 'a123123123', 'a123123123', '123123123', '123@123.com', '123123123', ''),
(6, 0, 'a123456', 'f123456789', '123456789', '123@123.com', '1212121212', '');

-- --------------------------------------------------------

--
-- 資料表結構 `農產品`
--

CREATE TABLE `農產品` (
  `產品編號` int(11) NOT NULL,
  `產品號` int(11) NOT NULL,
  `名稱` varchar(255) NOT NULL,
  `限額公斤價` int(11) NOT NULL
) ENGINE=InnoDB DEFAULT CHARSET=utf8mb4;

--
-- 資料表新增資料前，先清除舊資料 `農產品`
--

TRUNCATE TABLE `農產品`;
--
-- 傾印資料表的資料 `農產品`
--

INSERT INTO `農產品` (`產品編號`, `產品號`, `名稱`, `限額公斤價`) VALUES
(0, 0, '產品1', 0),
(1, 1, '產品2', 0);

-- --------------------------------------------------------

--
-- 資料表結構 `配銷方式`
--

CREATE TABLE `配銷方式` (
  `付款方式` varchar(255) NOT NULL,
  `地址` varchar(255) NOT NULL
) ENGINE=InnoDB DEFAULT CHARSET=utf8mb4;

--
-- 資料表新增資料前，先清除舊資料 `配銷方式`
--

TRUNCATE TABLE `配銷方式`;
-- --------------------------------------------------------

--
-- 資料表結構 `黑名單`
--

CREATE TABLE `黑名單` (
  `使用者帳號` varchar(255) NOT NULL
) ENGINE=InnoDB DEFAULT CHARSET=utf8mb4;

--
-- 資料表新增資料前，先清除舊資料 `黑名單`
--

TRUNCATE TABLE `黑名單`;
--
-- 已傾印資料表的索引
--

--
-- 資料表索引 `個人賣場2`
--
ALTER TABLE `個人賣場2`
  ADD PRIMARY KEY (`項目`);

--
-- 資料表索引 `小農`
--
ALTER TABLE `小農`
  ADD PRIMARY KEY (`使用者帳號`) USING BTREE;

--
-- 資料表索引 `消費者`
--
ALTER TABLE `消費者`
  ADD PRIMARY KEY (`使用者帳號`);

--
-- 資料表索引 `產品資訊`
--
ALTER TABLE `產品資訊`
  ADD PRIMARY KEY (`產品編號`);

--
-- 資料表索引 `管理者`
--
ALTER TABLE `管理者`
  ADD PRIMARY KEY (`使用者帳號`);

--
-- 資料表索引 `訂單`
--
ALTER TABLE `訂單`
  ADD PRIMARY KEY (`訂單編號`);

--
-- 資料表索引 `註冊審核`
--
ALTER TABLE `註冊審核`
  ADD PRIMARY KEY (`編號`);

--
-- 資料表索引 `農產品`
--
ALTER TABLE `農產品`
  ADD PRIMARY KEY (`產品號`);

--
-- 在傾印的資料表使用自動遞增(AUTO_INCREMENT)
--

--
-- 使用資料表自動遞增(AUTO_INCREMENT) `個人賣場2`
--
ALTER TABLE `個人賣場2`
  MODIFY `項目` int(11) NOT NULL AUTO_INCREMENT, AUTO_INCREMENT=8;

--
-- 使用資料表自動遞增(AUTO_INCREMENT) `管理者`
--
ALTER TABLE `管理者`
  MODIFY `使用者帳號` int(11) NOT NULL AUTO_INCREMENT;

--
-- 使用資料表自動遞增(AUTO_INCREMENT) `註冊審核`
--
ALTER TABLE `註冊審核`
  MODIFY `編號` int(11) NOT NULL AUTO_INCREMENT, AUTO_INCREMENT=7;
SET FOREIGN_KEY_CHECKS=1;
COMMIT;

/*!40101 SET CHARACTER_SET_CLIENT=@OLD_CHARACTER_SET_CLIENT */;
/*!40101 SET CHARACTER_SET_RESULTS=@OLD_CHARACTER_SET_RESULTS */;
/*!40101 SET COLLATION_CONNECTION=@OLD_COLLATION_CONNECTION */;
